id,pred
2019_1101_1113,0.25487673
2019_1101_1120,0.11354405
2019_1113_1120,0.25265548
2019_1101_1124,0.18946022
2019_1113_1124,0.38475224
2019_1120_1124,0.70232767
2019_1101_1125,0.13835163
2019_1113_1125,0.32068306
2019_1120_1125,0.56654364
2019_1124_1125,0.420991
2019_1101_1133,0.60620666
2019_1113_1133,0.8047115
2019_1120_1133,0.91739595
2019_1124_1133,0.86104363
2019_1125_1133,0.83359855
2019_1101_1138,0.11002142
2019_1113_1138,0.3396107
2019_1120_1138,0.5273742
2019_1124_1138,0.37415588
2019_1125_1138,0.40533394
2019_1133_1138,0.12282463
2019_1101_1153,0.11704806
2019_1113_1153,0.35593423
2019_1120_1153,0.49067417
2019_1124_1153,0.3790688
2019_1125_1153,0.41638255
2019_1133_1153,0.14268498
2019_1138_1153,0.5523637
2019_1101_1159,0.41785058
2019_1113_1159,0.7037371
2019_1120_1159,0.84308344
2019_1124_1159,0.7769614
2019_1125_1159,0.7629406
2019_1133_1159,0.3872477
2019_1138_1159,0.79511863
2019_1153_1159,0.82791287
2019_1101_1181,0.076266706
2019_1113_1181,0.17690037
2019_1120_1181,0.3101973
2019_1124_1181,0.24008916
2019_1125_1181,0.24105099
2019_1133_1181,0.05769737
2019_1138_1181,0.33317623
2019_1153_1181,0.31511968
2019_1159_1181,0.09276235
2019_1101_1192,0.67781043
2019_1113_1192,0.8520463
2019_1120_1192,0.94344574
2019_1124_1192,0.8819376
2019_1125_1192,0.8823611
2019_1133_1192,0.6137427
2019_1138_1192,0.93560874
2019_1153_1192,0.92433465
2019_1159_1192,0.72138923
2019_1181_1192,0.97193325
2019_1101_1196,0.18523291
2019_1113_1196,0.3580861
2019_1120_1196,0.61487824
2019_1124_1196,0.4174094
2019_1125_1196,0.48492506
2019_1133_1196,0.1638009
2019_1138_1196,0.5949371
2019_1153_1196,0.53112334
2019_1159_1196,0.23814592
2019_1181_1196,0.7711968
2019_1192_1196,0.100300096
2019_1101_1199,0.1325033
2019_1113_1199,0.30157435
2019_1120_1199,0.5524126
2019_1124_1199,0.3565921
2019_1125_1199,0.37013525
2019_1133_1199,0.11323979
2019_1138_1199,0.40595764
2019_1153_1199,0.43035972
2019_1159_1199,0.18015592
2019_1181_1199,0.74138474
2019_1192_1199,0.08435542
2019_1196_1199,0.34439105
2019_1101_1205,0.63413256
2019_1113_1205,0.83625853
2019_1120_1205,0.90417343
2019_1124_1205,0.8986236
2019_1125_1205,0.88282776
2019_1133_1205,0.6054248
2019_1138_1205,0.9111125
2019_1153_1205,0.905835
2019_1159_1205,0.6969387
2019_1181_1205,0.9660156
2019_1192_1205,0.4715997
2019_1196_1205,0.88337106
2019_1199_1205,0.9006116
2019_1101_1209,0.4424599
2019_1113_1209,0.7474457
2019_1120_1209,0.7983371
2019_1124_1209,0.7889507
2019_1125_1209,0.79385376
2019_1133_1209,0.4126651
2019_1138_1209,0.848918
2019_1153_1209,0.80316204
2019_1159_1209,0.5180344
2019_1181_1209,0.92600775
2019_1192_1209,0.31333527
2019_1196_1209,0.78627104
2019_1199_1209,0.8451512
2019_1205_1209,0.3062798
2019_1101_1211,0.027859187
2019_1113_1211,0.0889045
2019_1120_1211,0.16529542
2019_1124_1211,0.13216303
2019_1125_1211,0.16516379
2019_1133_1211,0.03281863
2019_1138_1211,0.1803634
2019_1153_1211,0.13975368
2019_1159_1211,0.045384113
2019_1181_1211,0.33896762
2019_1192_1211,0.019526098
2019_1196_1211,0.11228112
2019_1199_1211,0.16740143
2019_1205_1211,0.020799508
2019_1209_1211,0.039287098
2019_1101_1222,0.10863938
2019_1113_1222,0.30346584
2019_1120_1222,0.41475028
2019_1124_1222,0.35173765
2019_1125_1222,0.32046914
2019_1133_1222,0.08772915
2019_1138_1222,0.4404463
2019_1153_1222,0.42076954
2019_1159_1222,0.14450033
2019_1181_1222,0.73753256
2019_1192_1222,0.069512054
2019_1196_1222,0.33970353
2019_1199_1222,0.4698562
2019_1205_1222,0.06140737
2019_1209_1222,0.13926461
2019_1211_1222,0.75616723
2019_1101_1233,0.66568625
2019_1113_1233,0.84507614
2019_1120_1233,0.9396503
2019_1124_1233,0.89807355
2019_1125_1233,0.86516047
2019_1133_1233,0.6423019
2019_1138_1233,0.941807
2019_1153_1233,0.9146246
2019_1159_1233,0.7067107
2019_1181_1233,0.9732143
2019_1192_1233,0.5224402
2019_1196_1233,0.8824212
2019_1199_1233,0.9265393
2019_1205_1233,0.5897946
2019_1209_1233,0.701011
2019_1211_1233,0.98266244
2019_1222_1233,0.94504404
2019_1101_1234,0.1655885
2019_1113_1234,0.40052018
2019_1120_1234,0.59267825
2019_1124_1234,0.46274683
2019_1125_1234,0.44637617
2019_1133_1234,0.15239738
2019_1138_1234,0.6126538
2019_1153_1234,0.5857579
2019_1159_1234,0.23451965
2019_1181_1234,0.8262271
2019_1192_1234,0.08679524
2019_1196_1234,0.4825362
2019_1199_1234,0.625217
2019_1205_1234,0.1182456
2019_1209_1234,0.20086083
2019_1211_1234,0.86505044
2019_1222_1234,0.6127267
2019_1233_1234,0.13445611
2019_1101_1235,0.13256258
2019_1113_1235,0.35633737
2019_1120_1235,0.5446432
2019_1124_1235,0.37906408
2019_1125_1235,0.37360153
2019_1133_1235,0.11832051
2019_1138_1235,0.50581867
2019_1153_1235,0.44131452
2019_1159_1235,0.18543434
2019_1181_1235,0.7314866
2019_1192_1235,0.08081198
2019_1196_1235,0.40700117
2019_1199_1235,0.6008843
2019_1205_1235,0.08800773
2019_1209_1235,0.18644677
2019_1211_1235,0.8246244
2019_1222_1235,0.55950356
2019_1233_1235,0.08814504
2019_1234_1235,0.42871553
2019_1101_1242,0.15106827
2019_1113_1242,0.35236534
2019_1120_1242,0.6072709
2019_1124_1242,0.39377522
2019_1125_1242,0.39808062
2019_1133_1242,0.13570604
2019_1138_1242,0.46740493
2019_1153_1242,0.4882914
2019_1159_1242,0.19575627
2019_1181_1242,0.76448447
2019_1192_1242,0.097843654
2019_1196_1242,0.40423435
2019_1199_1242,0.57621354
2019_1205_1242,0.09955569
2019_1209_1242,0.21006784
2019_1211_1242,0.8348175
2019_1222_1242,0.59472674
2019_1233_1242,0.10006675
2019_1234_1242,0.37065887
2019_1235_1242,0.4383836
2019_1101_1243,0.1617391
2019_1113_1243,0.37479675
2019_1120_1243,0.6214036
2019_1124_1243,0.3942177
2019_1125_1243,0.38782442
2019_1133_1243,0.13855971
2019_1138_1243,0.4978871
2019_1153_1243,0.49053216
2019_1159_1243,0.21467043
2019_1181_1243,0.76417947
2019_1192_1243,0.09639723
2019_1196_1243,0.3895834
2019_1199_1243,0.5944213
2019_1205_1243,0.117137484
2019_1209_1243,0.21980011
2019_1211_1243,0.83202595
2019_1222_1243,0.5754844
2019_1233_1243,0.10462355
2019_1234_1243,0.4087637
2019_1235_1243,0.45775843
2019_1242_1243,0.5436672
2019_1101_1246,0.084694564
2019_1113_1246,0.23330376
2019_1120_1246,0.43101037
2019_1124_1246,0.27597582
2019_1125_1246,0.3245435
2019_1133_1246,0.0688304
2019_1138_1246,0.4104929
2019_1153_1246,0.38104278
2019_1159_1246,0.12185107
2019_1181_1246,0.63332254
2019_1192_1246,0.06350045
2019_1196_1246,0.31325582
2019_1199_1246,0.37775627
2019_1205_1246,0.06488732
2019_1209_1246,0.11590398
2019_1211_1246,0.71352744
2019_1222_1246,0.3793695
2019_1233_1246,0.06505825
2019_1234_1246,0.28872326
2019_1235_1246,0.3522133
2019_1242_1246,0.36342618
2019_1243_1246,0.3462871
2019_1101_1251,0.29033646
2019_1113_1251,0.584238
2019_1120_1251,0.7676711
2019_1124_1251,0.61903274
2019_1125_1251,0.6412198
2019_1133_1251,0.2561011
2019_1138_1251,0.7469031
2019_1153_1251,0.66657954
2019_1159_1251,0.34229246
2019_1181_1251,0.84041876
2019_1192_1251,0.17973034
2019_1196_1251,0.625721
2019_1199_1251,0.7757348
2019_1205_1251,0.17643267
2019_1209_1251,0.32751536
2019_1211_1251,0.9023387
2019_1222_1251,0.6976709
2019_1233_1251,0.1843754
2019_1234_1251,0.6315594
2019_1235_1251,0.7031657
2019_1242_1251,0.73177123
2019_1243_1251,0.7084326
2019_1246_1251,0.82427305
2019_1101_1257,0.17631125
2019_1113_1257,0.41259357
2019_1120_1257,0.63442206
2019_1124_1257,0.4453159
2019_1125_1257,0.39937574
2019_1133_1257,0.15654898
2019_1138_1257,0.48928973
2019_1153_1257,0.49627233
2019_1159_1257,0.25196832
2019_1181_1257,0.78504294
2019_1192_1257,0.115130626
2019_1196_1257,0.45114896
2019_1199_1257,0.6593351
2019_1205_1257,0.12547716
2019_1209_1257,0.24470192
2019_1211_1257,0.8491622
2019_1222_1257,0.6314352
2019_1233_1257,0.12070423
2019_1234_1257,0.44826314
2019_1235_1257,0.46930572
2019_1242_1257,0.49934936
2019_1243_1257,0.48572552
2019_1246_1257,0.71664864
2019_1251_1257,0.31135356
2019_1101_1261,0.095057994
2019_1113_1261,0.25934207
2019_1120_1261,0.5378663
2019_1124_1261,0.3025066
2019_1125_1261,0.32840714
2019_1133_1261,0.08452892
2019_1138_1261,0.3896857
2019_1153_1261,0.3907172
2019_1159_1261,0.1352601
2019_1181_1261,0.6316947
2019_1192_1261,0.054206245
2019_1196_1261,0.30452088
2019_1199_1261,0.42503223
2019_1205_1261,0.05669195
2019_1209_1261,0.12803608
2019_1211_1261,0.7463218
2019_1222_1261,0.46648762
2019_1233_1261,0.05804552
2019_1234_1261,0.32206944
2019_1235_1261,0.33708835
2019_1242_1261,0.38299313
2019_1243_1261,0.33455256
2019_1246_1261,0.6081053
2019_1251_1261,0.18558066
2019_1257_1261,0.3710548
2019_1101_1266,0.20826517
2019_1113_1266,0.39315343
2019_1120_1266,0.6806555
2019_1124_1266,0.42546844
2019_1125_1266,0.4847232
2019_1133_1266,0.16461721
2019_1138_1266,0.6072598
2019_1153_1266,0.47198796
2019_1159_1266,0.25757122
2019_1181_1266,0.8333263
2019_1192_1266,0.119685344
2019_1196_1266,0.45496923
2019_1199_1266,0.6670936
2019_1205_1266,0.12252004
2019_1209_1266,0.24511024
2019_1211_1266,0.8772389
2019_1222_1266,0.64394623
2019_1233_1266,0.12687221
2019_1234_1266,0.4525584
2019_1235_1266,0.55367637
2019_1242_1266,0.59970194
2019_1243_1266,0.5961853
2019_1246_1266,0.75558394
2019_1251_1266,0.33720872
2019_1257_1266,0.540781
2019_1261_1266,0.6919613
2019_1101_1268,0.18565261
2019_1113_1268,0.41112345
2019_1120_1268,0.6761765
2019_1124_1268,0.4459631
2019_1125_1268,0.43079653
2019_1133_1268,0.15765134
2019_1138_1268,0.5424635
2019_1153_1268,0.563288
2019_1159_1268,0.25933
2019_1181_1268,0.7930614
2019_1192_1268,0.13562328
2019_1196_1268,0.46218002
2019_1199_1268,0.66127175
2019_1205_1268,0.13575785
2019_1209_1268,0.25792214
2019_1211_1268,0.8503759
2019_1222_1268,0.6580967
2019_1233_1268,0.12437795
2019_1234_1268,0.4399751
2019_1235_1268,0.47834957
2019_1242_1268,0.5495397
2019_1243_1268,0.53800076
2019_1246_1268,0.74827975
2019_1251_1268,0.3193125
2019_1257_1268,0.51351035
2019_1261_1268,0.66685724
2019_1266_1268,0.46208316
2019_1101_1276,0.11305305
2019_1113_1276,0.29504883
2019_1120_1276,0.5001474
2019_1124_1276,0.34916982
2019_1125_1276,0.34393504
2019_1133_1276,0.10977227
2019_1138_1276,0.43458995
2019_1153_1276,0.42557937
2019_1159_1276,0.18005125
2019_1181_1276,0.70824414
2019_1192_1276,0.080909744
2019_1196_1276,0.2823369
2019_1199_1276,0.5138234
2019_1205_1276,0.09196857
2019_1209_1276,0.16649008
2019_1211_1276,0.76806897
2019_1222_1276,0.5171111
2019_1233_1276,0.09389417
2019_1234_1276,0.3036765
2019_1235_1276,0.4270087
2019_1242_1276,0.40108395
2019_1243_1276,0.33216223
2019_1246_1276,0.536246
2019_1251_1276,0.26361975
2019_1257_1276,0.37317067
2019_1261_1276,0.4696463
2019_1266_1276,0.3685831
2019_1268_1276,0.31531408
2019_1101_1277,0.09424908
2019_1113_1277,0.22788417
2019_1120_1277,0.44483563
2019_1124_1277,0.3064315
2019_1125_1277,0.305995
2019_1133_1277,0.06623523
2019_1138_1277,0.3860131
2019_1153_1277,0.3534617
2019_1159_1277,0.12652491
2019_1181_1277,0.6437115
2019_1192_1277,0.05297169
2019_1196_1277,0.30476746
2019_1199_1277,0.41787773
2019_1205_1277,0.05912627
2019_1209_1277,0.09881305
2019_1211_1277,0.71321636
2019_1222_1277,0.37207898
2019_1233_1277,0.06608026
2019_1234_1277,0.27677372
2019_1235_1277,0.36352512
2019_1242_1277,0.3652741
2019_1243_1277,0.28092954
2019_1246_1277,0.54809576
2019_1251_1277,0.1983792
2019_1257_1277,0.32329643
2019_1261_1277,0.46487892
2019_1266_1277,0.30146098
2019_1268_1277,0.3076886
2019_1276_1277,0.4592952
2019_1101_1278,0.217279
2019_1113_1278,0.3946887
2019_1120_1278,0.64146405
2019_1124_1278,0.5110184
2019_1125_1278,0.5007825
2019_1133_1278,0.19675578
2019_1138_1278,0.63374186
2019_1153_1278,0.61303914
2019_1159_1278,0.28798428
2019_1181_1278,0.8383736
2019_1192_1278,0.12218694
2019_1196_1278,0.53728366
2019_1199_1278,0.6126565
2019_1205_1278,0.1346002
2019_1209_1278,0.231314
2019_1211_1278,0.87648124
2019_1222_1278,0.61592364
2019_1233_1278,0.16286854
2019_1234_1278,0.5669475
2019_1235_1278,0.5950658
2019_1242_1278,0.6383855
2019_1243_1278,0.6182758
2019_1246_1278,0.7455653
2019_1251_1278,0.32939714
2019_1257_1278,0.60575306
2019_1261_1278,0.6685903
2019_1266_1278,0.56330913
2019_1268_1278,0.5874783
2019_1276_1278,0.69452304
2019_1277_1278,0.76359046
2019_1101_1279,0.18407544
2019_1113_1279,0.38315275
2019_1120_1279,0.67640394
2019_1124_1279,0.5235314
2019_1125_1279,0.4789996
2019_1133_1279,0.14767222
2019_1138_1279,0.61769366
2019_1153_1279,0.60513234
2019_1159_1279,0.21423535
2019_1181_1279,0.78192765
2019_1192_1279,0.11140405
2019_1196_1279,0.51363397
2019_1199_1279,0.62554204
2019_1205_1279,0.12077093
2019_1209_1279,0.24230291
2019_1211_1279,0.8541027
2019_1222_1279,0.6383222
2019_1233_1279,0.12551719
2019_1234_1279,0.4830832
2019_1235_1279,0.5786739
2019_1242_1279,0.5939844
2019_1243_1279,0.5788087
2019_1246_1279,0.7192092
2019_1251_1279,0.3072555
2019_1257_1279,0.564717
2019_1261_1279,0.6488656
2019_1266_1279,0.55116296
2019_1268_1279,0.53748214
2019_1276_1279,0.69181633
2019_1277_1279,0.7225029
2019_1278_1279,0.41140035
2019_1101_1280,0.15058684
2019_1113_1280,0.31410947
2019_1120_1280,0.6096798
2019_1124_1280,0.36264473
2019_1125_1280,0.41157135
2019_1133_1280,0.13503614
2019_1138_1280,0.4890549
2019_1153_1280,0.4543139
2019_1159_1280,0.18506598
2019_1181_1280,0.72749466
2019_1192_1280,0.08587939
2019_1196_1280,0.37008902
2019_1199_1280,0.59035283
2019_1205_1280,0.089294136
2019_1209_1280,0.18297257
2019_1211_1280,0.83802444
2019_1222_1280,0.57067955
2019_1233_1280,0.09610282
2019_1234_1280,0.41597167
2019_1235_1280,0.5502789
2019_1242_1280,0.50601465
2019_1243_1280,0.48699433
2019_1246_1280,0.7188576
2019_1251_1280,0.2540332
2019_1257_1280,0.48429766
2019_1261_1280,0.6201324
2019_1266_1280,0.3903772
2019_1268_1280,0.4986728
2019_1276_1280,0.64866537
2019_1277_1280,0.66866004
2019_1278_1280,0.35306183
2019_1279_1280,0.4042316
2019_1101_1285,0.34807652
2019_1113_1285,0.66370046
2019_1120_1285,0.8441023
2019_1124_1285,0.7579299
2019_1125_1285,0.7149446
2019_1133_1285,0.34014913
2019_1138_1285,0.79582167
2019_1153_1285,0.77479124
2019_1159_1285,0.44183856
2019_1181_1285,0.89045954
2019_1192_1285,0.20828106
2019_1196_1285,0.7201529
2019_1199_1285,0.83384424
2019_1205_1285,0.24541906
2019_1209_1285,0.4681584
2019_1211_1285,0.9298306
2019_1222_1285,0.7880496
2019_1233_1285,0.26513383
2019_1234_1285,0.7319655
2019_1235_1285,0.7782278
2019_1242_1285,0.7899315
2019_1243_1285,0.752757
2019_1246_1285,0.88620186
2019_1251_1285,0.60276395
2019_1257_1285,0.75355846
2019_1261_1285,0.8414671
2019_1266_1285,0.73727745
2019_1268_1285,0.77861595
2019_1276_1285,0.84856737
2019_1277_1285,0.8466286
2019_1278_1285,0.67882454
2019_1279_1285,0.7435029
2019_1280_1285,0.7794993
2019_1101_1293,0.16254517
2019_1113_1293,0.3657965
2019_1120_1293,0.6491751
2019_1124_1293,0.5257918
2019_1125_1293,0.5613984
2019_1133_1293,0.092492454
2019_1138_1293,0.60783255
2019_1153_1293,0.594815
2019_1159_1293,0.20292869
2019_1181_1293,0.8244089
2019_1192_1293,0.0840725
2019_1196_1293,0.54648906
2019_1199_1293,0.6613224
2019_1205_1293,0.10066044
2019_1209_1293,0.21908984
2019_1211_1293,0.862353
2019_1222_1293,0.62115514
2019_1233_1293,0.09503679
2019_1234_1293,0.50515527
2019_1235_1293,0.55120504
2019_1242_1293,0.5673557
2019_1243_1293,0.4995276
2019_1246_1293,0.7684711
2019_1251_1293,0.28516656
2019_1257_1293,0.5580335
2019_1261_1293,0.70578915
2019_1266_1293,0.5552225
2019_1268_1293,0.511224
2019_1276_1293,0.72727484
2019_1277_1293,0.77755857
2019_1278_1293,0.4361512
2019_1279_1293,0.5411307
2019_1280_1293,0.5620696
2019_1285_1293,0.24051201
2019_1101_1295,0.6880969
2019_1113_1295,0.85344964
2019_1120_1295,0.92317533
2019_1124_1295,0.9040527
2019_1125_1295,0.91649216
2019_1133_1295,0.6637274
2019_1138_1295,0.9404972
2019_1153_1295,0.91072136
2019_1159_1295,0.70712006
2019_1181_1295,0.9668605
2019_1192_1295,0.53037566
2019_1196_1295,0.9052087
2019_1199_1295,0.93223214
2019_1205_1295,0.56688523
2019_1209_1295,0.67421156
2019_1211_1295,0.97799915
2019_1222_1295,0.939064
2019_1233_1295,0.52598536
2019_1234_1295,0.9006919
2019_1235_1295,0.92902416
2019_1242_1295,0.9113874
2019_1243_1295,0.9222971
2019_1246_1295,0.95606685
2019_1251_1295,0.81493574
2019_1257_1295,0.91549915
2019_1261_1295,0.9363311
2019_1266_1295,0.9053496
2019_1268_1295,0.90920645
2019_1276_1295,0.9518378
2019_1277_1295,0.95944947
2019_1278_1295,0.894866
2019_1279_1295,0.89006346
2019_1280_1295,0.9217266
2019_1285_1295,0.7084979
2019_1293_1295,0.9041488
2019_1101_1297,0.32183775
2019_1113_1297,0.64221275
2019_1120_1297,0.8024258
2019_1124_1297,0.7250054
2019_1125_1297,0.70340455
2019_1133_1297,0.2779425
2019_1138_1297,0.744493
2019_1153_1297,0.7730634
2019_1159_1297,0.4109101
2019_1181_1297,0.9012522
2019_1192_1297,0.20240536
2019_1196_1297,0.7025491
2019_1199_1297,0.7919491
2019_1205_1297,0.23129322
2019_1209_1297,0.41952285
2019_1211_1297,0.9285607
2019_1222_1297,0.77373224
2019_1233_1297,0.24386305
2019_1234_1297,0.70735675
2019_1235_1297,0.74438715
2019_1242_1297,0.7673852
2019_1243_1297,0.7556683
2019_1246_1297,0.87143004
2019_1251_1297,0.5598297
2019_1257_1297,0.7378886
2019_1261_1297,0.81053025
2019_1266_1297,0.69731724
2019_1268_1297,0.7292268
2019_1276_1297,0.83123076
2019_1277_1297,0.8598932
2019_1278_1297,0.6559678
2019_1279_1297,0.690495
2019_1280_1297,0.7381922
2019_1285_1297,0.40991664
2019_1293_1297,0.7095284
2019_1295_1297,0.18281068
2019_1101_1300,0.80044335
2019_1113_1300,0.9345519
2019_1120_1300,0.9637917
2019_1124_1300,0.9416523
2019_1125_1300,0.9504146
2019_1133_1300,0.77265054
2019_1138_1300,0.9585819
2019_1153_1300,0.94361967
2019_1159_1300,0.8569959
2019_1181_1300,0.98312104
2019_1192_1300,0.70174104
2019_1196_1300,0.94213593
2019_1199_1300,0.9501109
2019_1205_1300,0.72754055
2019_1209_1300,0.8618923
2019_1211_1300,0.98495156
2019_1222_1300,0.95984733
2019_1233_1300,0.7377806
2019_1234_1300,0.9424665
2019_1235_1300,0.9470683
2019_1242_1300,0.94885135
2019_1243_1300,0.94739044
2019_1246_1300,0.97473097
2019_1251_1300,0.9130833
2019_1257_1300,0.9431292
2019_1261_1300,0.9576609
2019_1266_1300,0.939905
2019_1268_1300,0.9363114
2019_1276_1300,0.94515884
2019_1277_1300,0.9780171
2019_1278_1300,0.9368718
2019_1279_1300,0.94309515
2019_1280_1300,0.94924724
2019_1285_1300,0.8480449
2019_1293_1300,0.95411223
2019_1295_1300,0.6850715
2019_1297_1300,0.91545093
2019_1101_1305,0.07980482
2019_1113_1305,0.29342687
2019_1120_1305,0.4185637
2019_1124_1305,0.28527448
2019_1125_1305,0.31758314
2019_1133_1305,0.072240256
2019_1138_1305,0.37374568
2019_1153_1305,0.35443336
2019_1159_1305,0.15264428
2019_1181_1305,0.6834821
2019_1192_1305,0.05832536
2019_1196_1305,0.23923713
2019_1199_1305,0.46469036
2019_1205_1305,0.07201057
2019_1209_1305,0.10883844
2019_1211_1305,0.72322935
2019_1222_1305,0.46902695
2019_1233_1305,0.059132203
2019_1234_1305,0.31869656
2019_1235_1305,0.3714874
2019_1242_1305,0.43614328
2019_1243_1305,0.32037434
2019_1246_1305,0.64077705
2019_1251_1305,0.18083657
2019_1257_1305,0.39797306
2019_1261_1305,0.51354426
2019_1266_1305,0.2762759
2019_1268_1305,0.368997
2019_1276_1305,0.5712469
2019_1277_1305,0.596451
2019_1278_1305,0.28671807
2019_1279_1305,0.28775382
2019_1280_1305,0.3098895
2019_1285_1305,0.12428133
2019_1293_1305,0.27101266
2019_1295_1305,0.03742606
2019_1297_1305,0.15666951
2019_1300_1305,0.021700937
2019_1101_1308,0.17927659
2019_1113_1308,0.40347117
2019_1120_1308,0.6221717
2019_1124_1308,0.54034853
2019_1125_1308,0.5570728
2019_1133_1308,0.14539635
2019_1138_1308,0.63374454
2019_1153_1308,0.61410123
2019_1159_1308,0.25558028
2019_1181_1308,0.8031505
2019_1192_1308,0.1091912
2019_1196_1308,0.5153854
2019_1199_1308,0.67509407
2019_1205_1308,0.13758503
2019_1209_1308,0.24318674
2019_1211_1308,0.82284325
2019_1222_1308,0.6559414
2019_1233_1308,0.11372906
2019_1234_1308,0.5446944
2019_1235_1308,0.60550684
2019_1242_1308,0.63755655
2019_1243_1308,0.59524465
2019_1246_1308,0.76530355
2019_1251_1308,0.28778878
2019_1257_1308,0.59068
2019_1261_1308,0.69588625
2019_1266_1308,0.5595958
2019_1268_1308,0.5741179
2019_1276_1308,0.7052406
2019_1277_1308,0.75470275
2019_1278_1308,0.5103972
2019_1279_1308,0.5376301
2019_1280_1308,0.5950685
2019_1285_1308,0.2504428
2019_1293_1308,0.5216473
2019_1295_1308,0.09006284
2019_1297_1308,0.30648327
2019_1300_1308,0.03882434
2019_1305_1308,0.64323837
2019_1101_1314,0.07930183
2019_1113_1314,0.22075136
2019_1120_1314,0.36221772
2019_1124_1314,0.28575376
2019_1125_1314,0.26079795
2019_1133_1314,0.076437876
2019_1138_1314,0.35683152
2019_1153_1314,0.37232125
2019_1159_1314,0.10926586
2019_1181_1314,0.6056303
2019_1192_1314,0.04264471
2019_1196_1314,0.27572754
2019_1199_1314,0.3952977
2019_1205_1314,0.048626803
2019_1209_1314,0.08543906
2019_1211_1314,0.68994683
2019_1222_1314,0.41496003
2019_1233_1314,0.057945386
2019_1234_1314,0.26552793
2019_1235_1314,0.3385708
2019_1242_1314,0.35755983
2019_1243_1314,0.31907326
2019_1246_1314,0.5103809
2019_1251_1314,0.1999329
2019_1257_1314,0.3006606
2019_1261_1314,0.39557263
2019_1266_1314,0.27687857
2019_1268_1314,0.2737057
2019_1276_1314,0.44014677
2019_1277_1314,0.49523976
2019_1278_1314,0.2363828
2019_1279_1314,0.28919035
2019_1280_1314,0.28766474
2019_1285_1314,0.119561866
2019_1293_1314,0.2677098
2019_1295_1314,0.03695576
2019_1297_1314,0.14166074
2019_1300_1314,0.02584005
2019_1305_1314,0.40238848
2019_1308_1314,0.23531286
2019_1101_1318,0.30688897
2019_1113_1318,0.550069
2019_1120_1318,0.72480273
2019_1124_1318,0.68166816
2019_1125_1318,0.6892165
2019_1133_1318,0.2330382
2019_1138_1318,0.7347678
2019_1153_1318,0.70053047
2019_1159_1318,0.32909903
2019_1181_1318,0.8706049
2019_1192_1318,0.17600092
2019_1196_1318,0.6504612
2019_1199_1318,0.72897077
2019_1205_1318,0.19356298
2019_1209_1318,0.34322312
2019_1211_1318,0.8982858
2019_1222_1318,0.65533674
2019_1233_1318,0.16924965
2019_1234_1318,0.6793471
2019_1235_1318,0.7154845
2019_1242_1318,0.71120393
2019_1243_1318,0.6949061
2019_1246_1318,0.82854754
2019_1251_1318,0.5140251
2019_1257_1318,0.6637196
2019_1261_1318,0.7429592
2019_1266_1318,0.64705205
2019_1268_1318,0.6686189
2019_1276_1318,0.73271054
2019_1277_1318,0.76412994
2019_1278_1318,0.6569668
2019_1279_1318,0.67434114
2019_1280_1318,0.7254908
2019_1285_1318,0.3762122
2019_1293_1318,0.70376104
2019_1295_1318,0.13369684
2019_1297_1318,0.4375895
2019_1300_1318,0.089733824
2019_1305_1318,0.7046666
2019_1308_1318,0.6224688
2019_1314_1318,0.8274473
2019_1101_1326,0.23658715
2019_1113_1326,0.46325243
2019_1120_1326,0.7242734
2019_1124_1326,0.61120296
2019_1125_1326,0.51173806
2019_1133_1326,0.19689913
2019_1138_1326,0.6665506
2019_1153_1326,0.6338115
2019_1159_1326,0.3157138
2019_1181_1326,0.85650635
2019_1192_1326,0.14589986
2019_1196_1326,0.61627567
2019_1199_1326,0.718307
2019_1205_1326,0.15530823
2019_1209_1326,0.26904652
2019_1211_1326,0.8913173
2019_1222_1326,0.71030146
2019_1233_1326,0.16139458
2019_1234_1326,0.603488
2019_1235_1326,0.66542286
2019_1242_1326,0.67352295
2019_1243_1326,0.6459767
2019_1246_1326,0.79206514
2019_1251_1326,0.3638813
2019_1257_1326,0.62756234
2019_1261_1326,0.7267219
2019_1266_1326,0.58490616
2019_1268_1326,0.62902534
2019_1276_1326,0.7380528
2019_1277_1326,0.8008556
2019_1278_1326,0.52614385
2019_1279_1326,0.5611907
2019_1280_1326,0.6615537
2019_1285_1326,0.32685706
2019_1293_1326,0.48667458
2019_1295_1326,0.113263585
2019_1297_1326,0.3359909
2019_1300_1326,0.06582498
2019_1305_1326,0.69380957
2019_1308_1326,0.4628061
2019_1314_1326,0.8092298
2019_1318_1326,0.3424271
2019_1101_1328,0.2075156
2019_1113_1328,0.43205076
2019_1120_1328,0.7014319
2019_1124_1328,0.48092315
2019_1125_1328,0.4771272
2019_1133_1328,0.1790989
2019_1138_1328,0.6475225
2019_1153_1328,0.59621596
2019_1159_1328,0.26366276
2019_1181_1328,0.8330534
2019_1192_1328,0.12017162
2019_1196_1328,0.5561464
2019_1199_1328,0.6519862
2019_1205_1328,0.12826917
2019_1209_1328,0.24365684
2019_1211_1328,0.8542888
2019_1222_1328,0.6583929
2019_1233_1328,0.13154785
2019_1234_1328,0.49420896
2019_1235_1328,0.5722215
2019_1242_1328,0.63604456
2019_1243_1328,0.61659825
2019_1246_1328,0.76798725
2019_1251_1328,0.33288217
2019_1257_1328,0.57475656
2019_1261_1328,0.66749424
2019_1266_1328,0.5286408
2019_1268_1328,0.55863357
2019_1276_1328,0.65304315
2019_1277_1328,0.74224174
2019_1278_1328,0.4537793
2019_1279_1328,0.47972447
2019_1280_1328,0.6176521
2019_1285_1328,0.29057994
2019_1293_1328,0.43151093
2019_1295_1328,0.09062677
2019_1297_1328,0.34155148
2019_1300_1328,0.05854988
2019_1305_1328,0.6643039
2019_1308_1328,0.46452942
2019_1314_1328,0.78248626
2019_1318_1328,0.34695733
2019_1326_1328,0.4431165
2019_1101_1330,0.3901954
2019_1113_1330,0.71550566
2019_1120_1330,0.80271894
2019_1124_1330,0.7680529
2019_1125_1330,0.77233946
2019_1133_1330,0.3716352
2019_1138_1330,0.7815921
2019_1153_1330,0.7936568
2019_1159_1330,0.46974525
2019_1181_1330,0.91347283
2019_1192_1330,0.29930854
2019_1196_1330,0.73971295
2019_1199_1330,0.8428813
2019_1205_1330,0.28801897
2019_1209_1330,0.4280509
2019_1211_1330,0.9298021
2019_1222_1330,0.80525684
2019_1233_1330,0.34338903
2019_1234_1330,0.76271445
2019_1235_1330,0.7834862
2019_1242_1330,0.80473065
2019_1243_1330,0.7980234
2019_1246_1330,0.8950838
2019_1251_1330,0.63712025
2019_1257_1330,0.7905406
2019_1261_1330,0.8610939
2019_1266_1330,0.76088256
2019_1268_1330,0.7729867
2019_1276_1330,0.84729886
2019_1277_1330,0.8566784
2019_1278_1330,0.7335153
2019_1279_1330,0.69696754
2019_1280_1330,0.7874538
2019_1285_1330,0.5118013
2019_1293_1330,0.7458845
2019_1295_1330,0.20540603
2019_1297_1330,0.58422494
2019_1300_1330,0.15444985
2019_1305_1330,0.8268323
2019_1308_1330,0.75059104
2019_1314_1330,0.8809566
2019_1318_1330,0.54487276
2019_1326_1330,0.7381214
2019_1328_1330,0.74795425
2019_1101_1332,0.25596413
2019_1113_1332,0.47474653
2019_1120_1332,0.7163794
2019_1124_1332,0.60458183
2019_1125_1332,0.6091785
2019_1133_1332,0.20640913
2019_1138_1332,0.6455263
2019_1153_1332,0.62939656
2019_1159_1332,0.3037916
2019_1181_1332,0.82636744
2019_1192_1332,0.14665829
2019_1196_1332,0.5817123
2019_1199_1332,0.73909104
2019_1205_1332,0.13180786
2019_1209_1332,0.274211
2019_1211_1332,0.8822125
2019_1222_1332,0.71443194
2019_1233_1332,0.14208955
2019_1234_1332,0.61383295
2019_1235_1332,0.6280935
2019_1242_1332,0.6690686
2019_1243_1332,0.624452
2019_1246_1332,0.8013158
2019_1251_1332,0.36783227
2019_1257_1332,0.6326933
2019_1261_1332,0.7798566
2019_1266_1332,0.6090117
2019_1268_1332,0.6143073
2019_1276_1332,0.7450227
2019_1277_1332,0.7958403
2019_1278_1332,0.6194438
2019_1279_1332,0.58586246
2019_1280_1332,0.6600095
2019_1285_1332,0.32274452
2019_1293_1332,0.5120098
2019_1295_1332,0.12749049
2019_1297_1332,0.35964578
2019_1300_1332,0.063003875
2019_1305_1332,0.66793376
2019_1308_1332,0.5061671
2019_1314_1332,0.7963386
2019_1318_1332,0.3334716
2019_1326_1332,0.58683544
2019_1328_1332,0.6115372
2019_1330_1332,0.3428148
2019_1101_1341,0.5996577
2019_1113_1341,0.85717344
2019_1120_1341,0.9280387
2019_1124_1341,0.8829134
2019_1125_1341,0.8814704
2019_1133_1341,0.60404104
2019_1138_1341,0.92723584
2019_1153_1341,0.8952984
2019_1159_1341,0.67679745
2019_1181_1341,0.97300524
2019_1192_1341,0.43302667
2019_1196_1341,0.89434123
2019_1199_1341,0.9325303
2019_1205_1341,0.47615167
2019_1209_1341,0.6555747
2019_1211_1341,0.9810596
2019_1222_1341,0.93542606
2019_1233_1341,0.56707484
2019_1234_1341,0.87568146
2019_1235_1341,0.9193603
2019_1242_1341,0.9227946
2019_1243_1341,0.9109322
2019_1246_1341,0.962125
2019_1251_1341,0.7764797
2019_1257_1341,0.91501695
2019_1261_1341,0.93081146
2019_1266_1341,0.90571576
2019_1268_1341,0.91337603
2019_1276_1341,0.94480956
2019_1277_1341,0.9593424
2019_1278_1341,0.8538325
2019_1279_1341,0.8579242
2019_1280_1341,0.9176323
2019_1285_1341,0.67889273
2019_1293_1341,0.8591974
2019_1295_1341,0.48718882
2019_1297_1341,0.7422424
2019_1300_1341,0.31653225
2019_1305_1341,0.9337838
2019_1308_1341,0.88793117
2019_1314_1341,0.9622807
2019_1318_1341,0.7654403
2019_1326_1341,0.86711955
2019_1328_1341,0.8783241
2019_1330_1341,0.72365767
2019_1332_1341,0.8458775
2019_1101_1345,0.117852405
2019_1113_1345,0.2752233
2019_1120_1345,0.36956075
2019_1124_1345,0.353081
2019_1125_1345,0.3051663
2019_1133_1345,0.07539838
2019_1138_1345,0.44407684
2019_1153_1345,0.41721207
2019_1159_1345,0.13785109
2019_1181_1345,0.70732117
2019_1192_1345,0.060908675
2019_1196_1345,0.33859417
2019_1199_1345,0.4351567
2019_1205_1345,0.06203117
2019_1209_1345,0.12226514
2019_1211_1345,0.77153087
2019_1222_1345,0.43901172
2019_1233_1345,0.06385783
2019_1234_1345,0.34528968
2019_1235_1345,0.37291446
2019_1242_1345,0.4380239
2019_1243_1345,0.34908566
2019_1246_1345,0.6332478
2019_1251_1345,0.20743187
2019_1257_1345,0.37640283
2019_1261_1345,0.49645093
2019_1266_1345,0.34979513
2019_1268_1345,0.3683138
2019_1276_1345,0.5444888
2019_1277_1345,0.590138
2019_1278_1345,0.3813231
2019_1279_1345,0.3413026
2019_1280_1345,0.39220637
2019_1285_1345,0.14098921
2019_1293_1345,0.30661407
2019_1295_1345,0.04208873
2019_1297_1345,0.1942313
2019_1300_1345,0.029895246
2019_1305_1345,0.43986422
2019_1308_1345,0.29523745
2019_1314_1345,0.62956375
2019_1318_1345,0.16267997
2019_1326_1345,0.29830086
2019_1328_1345,0.296745
2019_1330_1345,0.1513245
2019_1332_1345,0.32681316
2019_1341_1345,0.057590835
2019_1101_1371,0.2407893
2019_1113_1371,0.39917308
2019_1120_1371,0.7291368
2019_1124_1371,0.5380862
2019_1125_1371,0.56112564
2019_1133_1371,0.22128966
2019_1138_1371,0.6500389
2019_1153_1371,0.647855
2019_1159_1371,0.30040693
2019_1181_1371,0.85793483
2019_1192_1371,0.1421638
2019_1196_1371,0.56957483
2019_1199_1371,0.70440614
2019_1205_1371,0.14194116
2019_1209_1371,0.26967543
2019_1211_1371,0.8734547
2019_1222_1371,0.7145264
2019_1233_1371,0.14990447
2019_1234_1371,0.5833091
2019_1235_1371,0.66512465
2019_1242_1371,0.680989
2019_1243_1371,0.6470798
2019_1246_1371,0.77231634
2019_1251_1371,0.3292038
2019_1257_1371,0.63600415
2019_1261_1371,0.7101534
2019_1266_1371,0.5568467
2019_1268_1371,0.64977777
2019_1276_1371,0.709689
2019_1277_1371,0.77371985
2019_1278_1371,0.5573716
2019_1279_1371,0.5882374
2019_1280_1371,0.6338798
2019_1285_1371,0.28484136
2019_1293_1371,0.5455299
2019_1295_1371,0.12667732
2019_1297_1371,0.33442208
2019_1300_1371,0.056900125
2019_1305_1371,0.67552465
2019_1308_1371,0.463991
2019_1314_1371,0.78709453
2019_1318_1371,0.3259825
2019_1326_1371,0.48977685
2019_1328_1371,0.59476465
2019_1330_1371,0.32571727
2019_1332_1371,0.5377266
2019_1341_1371,0.14638555
2019_1345_1371,0.75166756
2019_1101_1385,0.20962486
2019_1113_1385,0.5765456
2019_1120_1385,0.707828
2019_1124_1385,0.69241834
2019_1125_1385,0.64505446
2019_1133_1385,0.27083412
2019_1138_1385,0.69718313
2019_1153_1385,0.7217074
2019_1159_1385,0.3530646
2019_1181_1385,0.8376807
2019_1192_1385,0.1825706
2019_1196_1385,0.6172661
2019_1199_1385,0.73506147
2019_1205_1385,0.18762825
2019_1209_1385,0.3384089
2019_1211_1385,0.8695202
2019_1222_1385,0.7138932
2019_1233_1385,0.20744754
2019_1234_1385,0.65329
2019_1235_1385,0.7052426
2019_1242_1385,0.73156
2019_1243_1385,0.6555615
2019_1246_1385,0.8091011
2019_1251_1385,0.44128644
2019_1257_1385,0.6834169
2019_1261_1385,0.7634439
2019_1266_1385,0.67585456
2019_1268_1385,0.6969649
2019_1276_1385,0.7474661
2019_1277_1385,0.76901865
2019_1278_1385,0.60231584
2019_1279_1385,0.64085776
2019_1280_1385,0.70255196
2019_1285_1385,0.34683666
2019_1293_1385,0.59423965
2019_1295_1385,0.15223354
2019_1297_1385,0.3737469
2019_1300_1385,0.070834465
2019_1305_1385,0.74594736
2019_1308_1385,0.5865387
2019_1314_1385,0.80721647
2019_1318_1385,0.37485927
2019_1326_1385,0.56210196
2019_1328_1385,0.6889116
2019_1330_1385,0.39302966
2019_1332_1385,0.56806356
2019_1341_1385,0.17850798
2019_1345_1385,0.7774306
2019_1371_1385,0.5885047
2019_1101_1387,0.3612845
2019_1113_1387,0.67096776
2019_1120_1387,0.8213379
2019_1124_1387,0.764217
2019_1125_1387,0.74652267
2019_1133_1387,0.3691766
2019_1138_1387,0.7862849
2019_1153_1387,0.7845001
2019_1159_1387,0.46575144
2019_1181_1387,0.91618216
2019_1192_1387,0.28176522
2019_1196_1387,0.7571069
2019_1199_1387,0.80476207
2019_1205_1387,0.23587342
2019_1209_1387,0.5112476
2019_1211_1387,0.9491639
2019_1222_1387,0.8112375
2019_1233_1387,0.29428896
2019_1234_1387,0.7602685
2019_1235_1387,0.7819471
2019_1242_1387,0.79264516
2019_1243_1387,0.7823203
2019_1246_1387,0.8582158
2019_1251_1387,0.6180864
2019_1257_1387,0.7561925
2019_1261_1387,0.8215625
2019_1266_1387,0.73436403
2019_1268_1387,0.759036
2019_1276_1387,0.8403016
2019_1277_1387,0.8796256
2019_1278_1387,0.72078073
2019_1279_1387,0.756774
2019_1280_1387,0.78066903
2019_1285_1387,0.48112088
2019_1293_1387,0.7240235
2019_1295_1387,0.18171546
2019_1297_1387,0.5621331
2019_1300_1387,0.15096793
2019_1305_1387,0.8170864
2019_1308_1387,0.72488457
2019_1314_1387,0.88743836
2019_1318_1387,0.5245912
2019_1326_1387,0.71520394
2019_1328_1387,0.7541871
2019_1330_1387,0.5464979
2019_1332_1387,0.6945785
2019_1341_1387,0.28422394
2019_1345_1387,0.85255927
2019_1371_1387,0.70349365
2019_1385_1387,0.6719498
2019_1101_1388,0.15463106
2019_1113_1388,0.41204265
2019_1120_1388,0.67225665
2019_1124_1388,0.5209831
2019_1125_1388,0.5266771
2019_1133_1388,0.1358494
2019_1138_1388,0.6007011
2019_1153_1388,0.60616213
2019_1159_1388,0.20788974
2019_1181_1388,0.8050019
2019_1192_1388,0.089921
2019_1196_1388,0.5489862
2019_1199_1388,0.6552022
2019_1205_1388,0.10786558
2019_1209_1388,0.22843395
2019_1211_1388,0.8557511
2019_1222_1388,0.6455604
2019_1233_1388,0.113906614
2019_1234_1388,0.5243282
2019_1235_1388,0.60040706
2019_1242_1388,0.6431859
2019_1243_1388,0.60230345
2019_1246_1388,0.7844389
2019_1251_1388,0.32722262
2019_1257_1388,0.598511
2019_1261_1388,0.66547763
2019_1266_1388,0.54727733
2019_1268_1388,0.57771844
2019_1276_1388,0.7068132
2019_1277_1388,0.75551134
2019_1278_1388,0.4483306
2019_1279_1388,0.50951153
2019_1280_1388,0.5907129
2019_1285_1388,0.24602269
2019_1293_1388,0.48169553
2019_1295_1388,0.08235877
2019_1297_1388,0.28936276
2019_1300_1388,0.041738823
2019_1305_1388,0.6556147
2019_1308_1388,0.4771537
2019_1314_1388,0.7810834
2019_1318_1388,0.29748943
2019_1326_1388,0.39066577
2019_1328_1388,0.48507372
2019_1330_1388,0.24475735
2019_1332_1388,0.41116968
2019_1341_1388,0.10805642
2019_1345_1388,0.7487469
2019_1371_1388,0.44403562
2019_1385_1388,0.39446735
2019_1387_1388,0.21772371
2019_1101_1393,0.2225275
2019_1113_1393,0.39638123
2019_1120_1393,0.732338
2019_1124_1393,0.52969486
2019_1125_1393,0.5329876
2019_1133_1393,0.18796177
2019_1138_1393,0.65427226
2019_1153_1393,0.6316703
2019_1159_1393,0.28268057
2019_1181_1393,0.8385792
2019_1192_1393,0.10361181
2019_1196_1393,0.5519727
2019_1199_1393,0.6922008
2019_1205_1393,0.11852504
2019_1209_1393,0.25380757
2019_1211_1393,0.8807873
2019_1222_1393,0.6932934
2019_1233_1393,0.1236687
2019_1234_1393,0.5614618
2019_1235_1393,0.6197642
2019_1242_1393,0.6704039
2019_1243_1393,0.60455465
2019_1246_1393,0.78681535
2019_1251_1393,0.35184968
2019_1257_1393,0.6232707
2019_1261_1393,0.70621777
2019_1266_1393,0.53332734
2019_1268_1393,0.6571172
2019_1276_1393,0.7323601
2019_1277_1393,0.7967206
2019_1278_1393,0.4897413
2019_1279_1393,0.472436
2019_1280_1393,0.62761855
2019_1285_1393,0.31274936
2019_1293_1393,0.44208682
2019_1295_1393,0.0824666
2019_1297_1393,0.3603921
2019_1300_1393,0.06694014
2019_1305_1393,0.69158834
2019_1308_1393,0.48945278
2019_1314_1393,0.78410846
2019_1318_1393,0.3294268
2019_1326_1393,0.4340082
2019_1328_1393,0.56651694
2019_1330_1393,0.30597806
2019_1332_1393,0.43320832
2019_1341_1393,0.13255572
2019_1345_1393,0.7615019
2019_1371_1393,0.45959368
2019_1385_1393,0.39859894
2019_1387_1393,0.31473783
2019_1388_1393,0.53237283
2019_1101_1396,0.21888216
2019_1113_1396,0.5188652
2019_1120_1396,0.69935656
2019_1124_1396,0.5661755
2019_1125_1396,0.5891651
2019_1133_1396,0.25064945
2019_1138_1396,0.6871801
2019_1153_1396,0.688936
2019_1159_1396,0.31831318
2019_1181_1396,0.8356277
2019_1192_1396,0.15240401
2019_1196_1396,0.6306532
2019_1199_1396,0.72354484
2019_1205_1396,0.15994656
2019_1209_1396,0.28135327
2019_1211_1396,0.8760633
2019_1222_1396,0.70933855
2019_1233_1396,0.16593337
2019_1234_1396,0.6266974
2019_1235_1396,0.67688125
2019_1242_1396,0.69219893
2019_1243_1396,0.65995824
2019_1246_1396,0.78688383
2019_1251_1396,0.42714885
2019_1257_1396,0.6666283
2019_1261_1396,0.74117696
2019_1266_1396,0.6671622
2019_1268_1396,0.661875
2019_1276_1396,0.70282626
2019_1277_1396,0.8017494
2019_1278_1396,0.57466066
2019_1279_1396,0.5937791
2019_1280_1396,0.68388
2019_1285_1396,0.33379152
2019_1293_1396,0.53176695
2019_1295_1396,0.14727986
2019_1297_1396,0.3644539
2019_1300_1396,0.06305158
2019_1305_1396,0.69885767
2019_1308_1396,0.52091753
2019_1314_1396,0.80245954
2019_1318_1396,0.35539702
2019_1326_1396,0.50814986
2019_1328_1396,0.58800423
2019_1330_1396,0.37367648
2019_1332_1396,0.53907055
2019_1341_1396,0.11626636
2019_1345_1396,0.7529106
2019_1371_1396,0.53269935
2019_1385_1396,0.39677787
2019_1387_1396,0.3254105
2019_1388_1396,0.55758697
2019_1393_1396,0.56178063
2019_1101_1397,0.07831669
2019_1113_1397,0.2237218
2019_1120_1397,0.3735305
2019_1124_1397,0.29712993
2019_1125_1397,0.29094726
2019_1133_1397,0.06310477
2019_1138_1397,0.3565572
2019_1153_1397,0.34617522
2019_1159_1397,0.12578772
2019_1181_1397,0.6471943
2019_1192_1397,0.055051833
2019_1196_1397,0.25712988
2019_1199_1397,0.3717366
2019_1205_1397,0.056203634
2019_1209_1397,0.10277707
2019_1211_1397,0.6829858
2019_1222_1397,0.33408666
2019_1233_1397,0.060410514
2019_1234_1397,0.27199915
2019_1235_1397,0.33576432
2019_1242_1397,0.35644212
2019_1243_1397,0.2856608
2019_1246_1397,0.530489
2019_1251_1397,0.18649696
2019_1257_1397,0.30194405
2019_1261_1397,0.427069
2019_1266_1397,0.29628304
2019_1268_1397,0.29157665
2019_1276_1397,0.4343032
2019_1277_1397,0.51036423
2019_1278_1397,0.21008953
2019_1279_1397,0.28144994
2019_1280_1397,0.31945303
2019_1285_1397,0.124090895
2019_1293_1397,0.2508639
2019_1295_1397,0.0418277
2019_1297_1397,0.1521555
2019_1300_1397,0.022511665
2019_1305_1397,0.3955303
2019_1308_1397,0.26222742
2019_1314_1397,0.54605037
2019_1318_1397,0.15167195
2019_1326_1397,0.24933675
2019_1328_1397,0.268016
2019_1330_1397,0.12420304
2019_1332_1397,0.27038938
2019_1341_1397,0.020727826
2019_1345_1397,0.42795
2019_1371_1397,0.19858573
2019_1385_1397,0.20105484
2019_1387_1397,0.10281648
2019_1388_1397,0.30195466
2019_1393_1397,0.20240068
2019_1396_1397,0.18891509
2019_1101_1403,0.122488156
2019_1113_1403,0.28885004
2019_1120_1403,0.50893515
2019_1124_1403,0.34521848
2019_1125_1403,0.35190475
2019_1133_1403,0.10282331
2019_1138_1403,0.41796893
2019_1153_1403,0.42839298
2019_1159_1403,0.15729871
2019_1181_1403,0.6932541
2019_1192_1403,0.073654175
2019_1196_1403,0.3539429
2019_1199_1403,0.4472202
2019_1205_1403,0.06808275
2019_1209_1403,0.1348542
2019_1211_1403,0.76512593
2019_1222_1403,0.45147914
2019_1233_1403,0.082075745
2019_1234_1403,0.3499194
2019_1235_1403,0.3603971
2019_1242_1403,0.39826727
2019_1243_1403,0.37582573
2019_1246_1403,0.5794308
2019_1251_1403,0.25677577
2019_1257_1403,0.3734223
2019_1261_1403,0.4697795
2019_1266_1403,0.3299276
2019_1268_1403,0.3610562
2019_1276_1403,0.52393216
2019_1277_1403,0.63654774
2019_1278_1403,0.3047409
2019_1279_1403,0.35314932
2019_1280_1403,0.38109568
2019_1285_1403,0.15730801
2019_1293_1403,0.31971523
2019_1295_1403,0.056093488
2019_1297_1403,0.19939065
2019_1300_1403,0.037967186
2019_1305_1403,0.46046183
2019_1308_1403,0.29951778
2019_1314_1403,0.6663792
2019_1318_1403,0.17480455
2019_1326_1403,0.306559
2019_1328_1403,0.32383895
2019_1330_1403,0.19449215
2019_1332_1403,0.3150554
2019_1341_1403,0.05036504
2019_1345_1403,0.53181505
2019_1371_1403,0.25603256
2019_1385_1403,0.24735583
2019_1387_1403,0.1561035
2019_1388_1403,0.34481642
2019_1393_1403,0.29577634
2019_1396_1403,0.22372103
2019_1397_1403,0.61132956
2019_1101_1414,0.29675928
2019_1113_1414,0.61761475
2019_1120_1414,0.71366864
2019_1124_1414,0.71307355
2019_1125_1414,0.6868454
2019_1133_1414,0.28579122
2019_1138_1414,0.73474336
2019_1153_1414,0.737378
2019_1159_1414,0.36462054
2019_1181_1414,0.8450697
2019_1192_1414,0.21112764
2019_1196_1414,0.67367077
2019_1199_1414,0.74145436
2019_1205_1414,0.23159966
2019_1209_1414,0.38279662
2019_1211_1414,0.885071
2019_1222_1414,0.7149304
2019_1233_1414,0.22489971
2019_1234_1414,0.70082915
2019_1235_1414,0.70759517
2019_1242_1414,0.7303674
2019_1243_1414,0.7097493
2019_1246_1414,0.81161386
2019_1251_1414,0.48552153
2019_1257_1414,0.69562775
2019_1261_1414,0.7678776
2019_1266_1414,0.6777675
2019_1268_1414,0.67710066
2019_1276_1414,0.7672932
2019_1277_1414,0.7916933
2019_1278_1414,0.63854057
2019_1279_1414,0.681741
2019_1280_1414,0.69704145
2019_1285_1414,0.37934446
2019_1293_1414,0.6662824
2019_1295_1414,0.18316758
2019_1297_1414,0.41328794
2019_1300_1414,0.08429487
2019_1305_1414,0.74804974
2019_1308_1414,0.68410873
2019_1314_1414,0.82006145
2019_1318_1414,0.41450357
2019_1326_1414,0.67114973
2019_1328_1414,0.68952686
2019_1330_1414,0.4133017
2019_1332_1414,0.5756948
2019_1341_1414,0.2071098
2019_1345_1414,0.7922591
2019_1371_1414,0.61880195
2019_1385_1414,0.5553282
2019_1387_1414,0.40184072
2019_1388_1414,0.6299991
2019_1393_1414,0.6597931
2019_1396_1414,0.59017545
2019_1397_1414,0.8243096
2019_1403_1414,0.7439863
2019_1101_1416,0.17695807
2019_1113_1416,0.40899968
2019_1120_1416,0.6305018
2019_1124_1416,0.44543758
2019_1125_1416,0.49956354
2019_1133_1416,0.15664478
2019_1138_1416,0.6077961
2019_1153_1416,0.59571874
2019_1159_1416,0.26830462
2019_1181_1416,0.8061889
2019_1192_1416,0.093603805
2019_1196_1416,0.4978336
2019_1199_1416,0.62694114
2019_1205_1416,0.11339451
2019_1209_1416,0.20200309
2019_1211_1416,0.8654769
2019_1222_1416,0.5907705
2019_1233_1416,0.12527926
2019_1234_1416,0.4772386
2019_1235_1416,0.5399758
2019_1242_1416,0.5974473
2019_1243_1416,0.5719429
2019_1246_1416,0.7644151
2019_1251_1416,0.27672565
2019_1257_1416,0.5359217
2019_1261_1416,0.6730398
2019_1266_1416,0.48824406
2019_1268_1416,0.5443513
2019_1276_1416,0.69530565
2019_1277_1416,0.7602291
2019_1278_1416,0.3746349
2019_1279_1416,0.3649582
2019_1280_1416,0.5608939
2019_1285_1416,0.25310543
2019_1293_1416,0.43732336
2019_1295_1416,0.08167515
2019_1297_1416,0.30062136
2019_1300_1416,0.04978124
2019_1305_1416,0.63849
2019_1308_1416,0.46309084
2019_1314_1416,0.75933784
2019_1318_1416,0.3210295
2019_1326_1416,0.36944684
2019_1328_1416,0.45051053
2019_1330_1416,0.2744696
2019_1332_1416,0.35971656
2019_1341_1416,0.09865995
2019_1345_1416,0.7017587
2019_1371_1416,0.35994723
2019_1385_1416,0.33728442
2019_1387_1416,0.25566125
2019_1388_1416,0.4072808
2019_1393_1416,0.3722528
2019_1396_1416,0.30861866
2019_1397_1416,0.7728071
2019_1403_1416,0.69818234
2019_1414_1416,0.32592493
2019_1101_1429,0.18698736
2019_1113_1429,0.40725914
2019_1120_1429,0.64767724
2019_1124_1429,0.519091
2019_1125_1429,0.5028327
2019_1133_1429,0.14404534
2019_1138_1429,0.6602762
2019_1153_1429,0.638007
2019_1159_1429,0.23372628
2019_1181_1429,0.7610583
2019_1192_1429,0.10421775
2019_1196_1429,0.50829667
2019_1199_1429,0.64742386
2019_1205_1429,0.10610426
2019_1209_1429,0.20801473
2019_1211_1429,0.8470776
2019_1222_1429,0.64842397
2019_1233_1429,0.11811816
2019_1234_1429,0.48752016
2019_1235_1429,0.6115491
2019_1242_1429,0.6137147
2019_1243_1429,0.6162432
2019_1246_1429,0.75624114
2019_1251_1429,0.3006905
2019_1257_1429,0.5898944
2019_1261_1429,0.6819647
2019_1266_1429,0.56739503
2019_1268_1429,0.5539177
2019_1276_1429,0.6643235
2019_1277_1429,0.72686404
2019_1278_1429,0.41833583
2019_1279_1429,0.45339072
2019_1280_1429,0.60984534
2019_1285_1429,0.27837738
2019_1293_1429,0.47712708
2019_1295_1429,0.07713172
2019_1297_1429,0.3049382
2019_1300_1429,0.03325312
2019_1305_1429,0.6561182
2019_1308_1429,0.41744378
2019_1314_1429,0.7400895
2019_1318_1429,0.26033425
2019_1326_1429,0.4313628
2019_1328_1429,0.5938152
2019_1330_1429,0.28404456
2019_1332_1429,0.3786501
2019_1341_1429,0.09296812
2019_1345_1429,0.68230253
2019_1371_1429,0.44265276
2019_1385_1429,0.34595776
2019_1387_1429,0.22806402
2019_1388_1429,0.49784946
2019_1393_1429,0.4157388
2019_1396_1429,0.3885343
2019_1397_1429,0.7573272
2019_1403_1429,0.6423301
2019_1414_1429,0.34332815
2019_1416_1429,0.56125605
2019_1101_1433,0.17807446
2019_1113_1433,0.39251098
2019_1120_1433,0.69078356
2019_1124_1433,0.41645962
2019_1125_1433,0.4545397
2019_1133_1433,0.14727755
2019_1138_1433,0.6464991
2019_1153_1433,0.5543375
2019_1159_1433,0.21837331
2019_1181_1433,0.8451768
2019_1192_1433,0.097207
2019_1196_1433,0.437819
2019_1199_1433,0.6681097
2019_1205_1433,0.1035956
2019_1209_1433,0.22901605
2019_1211_1433,0.8759673
2019_1222_1433,0.66141003
2019_1233_1433,0.14144379
2019_1234_1433,0.45768934
2019_1235_1433,0.6159576
2019_1242_1433,0.64558417
2019_1243_1433,0.6484781
2019_1246_1433,0.78925514
2019_1251_1433,0.3312958
2019_1257_1433,0.6167795
2019_1261_1433,0.6986617
2019_1266_1433,0.49401408
2019_1268_1433,0.580436
2019_1276_1433,0.7188866
2019_1277_1433,0.75411636
2019_1278_1433,0.40816766
2019_1279_1433,0.4156158
2019_1280_1433,0.5939483
2019_1285_1433,0.269083
2019_1293_1433,0.4496112
2019_1295_1433,0.07055657
2019_1297_1433,0.29439387
2019_1300_1433,0.058186837
2019_1305_1433,0.69433165
2019_1308_1433,0.4910634
2019_1314_1433,0.7838672
2019_1318_1433,0.30529347
2019_1326_1433,0.3913511
2019_1328_1433,0.42174128
2019_1330_1433,0.3100926
2019_1332_1433,0.4451841
2019_1341_1433,0.12748246
2019_1345_1433,0.74290633
2019_1371_1433,0.39327192
2019_1385_1433,0.4147457
2019_1387_1433,0.26979983
2019_1388_1433,0.4239574
2019_1393_1433,0.41428432
2019_1396_1433,0.37730855
2019_1397_1433,0.78780556
2019_1403_1433,0.67888844
2019_1414_1433,0.41974455
2019_1416_1433,0.45545408
2019_1429_1433,0.49733534
2019_1101_1436,0.2583307
2019_1113_1436,0.59072727
2019_1120_1436,0.6791592
2019_1124_1436,0.661861
2019_1125_1436,0.693574
2019_1133_1436,0.24882324
2019_1138_1436,0.7449137
2019_1153_1436,0.7102733
2019_1159_1436,0.34389982
2019_1181_1436,0.8365978
2019_1192_1436,0.18332303
2019_1196_1436,0.6772682
2019_1199_1436,0.7294184
2019_1205_1436,0.19248423
2019_1209_1436,0.31313288
2019_1211_1436,0.8763957
2019_1222_1436,0.6714467
2019_1233_1436,0.18832542
2019_1234_1436,0.6729043
2019_1235_1436,0.68438643
2019_1242_1436,0.6998117
2019_1243_1436,0.71668947
2019_1246_1436,0.81507236
2019_1251_1436,0.5003111
2019_1257_1436,0.66449565
2019_1261_1436,0.74504715
2019_1266_1436,0.6357267
2019_1268_1436,0.67100954
2019_1276_1436,0.757162
2019_1277_1436,0.78951067
2019_1278_1436,0.61661136
2019_1279_1436,0.6474364
2019_1280_1436,0.7056225
2019_1285_1436,0.32193008
2019_1293_1436,0.6314967
2019_1295_1436,0.12679628
2019_1297_1436,0.39620638
2019_1300_1436,0.06342173
2019_1305_1436,0.7233743
2019_1308_1436,0.6173419
2019_1314_1436,0.80498654
2019_1318_1436,0.3750345
2019_1326_1436,0.6175685
2019_1328_1436,0.63709605
2019_1330_1436,0.40398288
2019_1332_1436,0.53088796
2019_1341_1436,0.16787937
2019_1345_1436,0.72666377
2019_1371_1436,0.58983225
2019_1385_1436,0.47069946
2019_1387_1436,0.3788113
2019_1388_1436,0.5863173
2019_1393_1436,0.63114107
2019_1396_1436,0.5402077
2019_1397_1436,0.7979041
2019_1403_1436,0.7083847
2019_1414_1436,0.5350528
2019_1416_1436,0.66927195
2019_1429_1436,0.6639836
2019_1433_1436,0.6897019
2019_1101_1437,0.14385827
2019_1113_1437,0.35849243
2019_1120_1437,0.52611274
2019_1124_1437,0.39374366
2019_1125_1437,0.39541808
2019_1133_1437,0.1365604
2019_1138_1437,0.54972416
2019_1153_1437,0.4325864
2019_1159_1437,0.20848842
2019_1181_1437,0.7301647
2019_1192_1437,0.08407542
2019_1196_1437,0.41985193
2019_1199_1437,0.6312248
2019_1205_1437,0.09203144
2019_1209_1437,0.18093696
2019_1211_1437,0.82453996
2019_1222_1437,0.5820085
2019_1233_1437,0.089495115
2019_1234_1437,0.42796108
2019_1235_1437,0.4908318
2019_1242_1437,0.59458023
2019_1243_1437,0.58526725
2019_1246_1437,0.680016
2019_1251_1437,0.25603464
2019_1257_1437,0.50435364
2019_1261_1437,0.64246833
2019_1266_1437,0.4141329
2019_1268_1437,0.51819
2019_1276_1437,0.5941739
2019_1277_1437,0.66707957
2019_1278_1437,0.3622822
2019_1279_1437,0.41219768
2019_1280_1437,0.5063878
2019_1285_1437,0.20579106
2019_1293_1437,0.3338446
2019_1295_1437,0.05613028
2019_1297_1437,0.24439842
2019_1300_1437,0.03786515
2019_1305_1437,0.5572013
2019_1308_1437,0.38389564
2019_1314_1437,0.70803255
2019_1318_1437,0.25376454
2019_1326_1437,0.39665526
2019_1328_1437,0.39522538
2019_1330_1437,0.23356156
2019_1332_1437,0.34438848
2019_1341_1437,0.06782855
2019_1345_1437,0.6404394
2019_1371_1437,0.35357475
2019_1385_1437,0.2782384
2019_1387_1437,0.20762122
2019_1388_1437,0.3734863
2019_1393_1437,0.34727183
2019_1396_1437,0.308319
2019_1397_1437,0.65877414
2019_1403_1437,0.6376803
2019_1414_1437,0.2913972
2019_1416_1437,0.43028113
2019_1429_1437,0.4129699
2019_1433_1437,0.40157938
2019_1436_1437,0.32638523
2019_1101_1438,0.067295074
2019_1113_1438,0.21602347
2019_1120_1438,0.3520165
2019_1124_1438,0.2924933
2019_1125_1438,0.2670625
2019_1133_1438,0.051828522
2019_1138_1438,0.36442024
2019_1153_1438,0.3340545
2019_1159_1438,0.10753667
2019_1181_1438,0.59388965
2019_1192_1438,0.038340542
2019_1196_1438,0.19298959
2019_1199_1438,0.4092615
2019_1205_1438,0.045835663
2019_1209_1438,0.082203634
2019_1211_1438,0.63387537
2019_1222_1438,0.38239303
2019_1233_1438,0.05452096
2019_1234_1438,0.24795306
2019_1235_1438,0.31551823
2019_1242_1438,0.32303044
2019_1243_1438,0.23434964
2019_1246_1438,0.4946518
2019_1251_1438,0.17553309
2019_1257_1438,0.32130072
2019_1261_1438,0.42458418
2019_1266_1438,0.28121167
2019_1268_1438,0.2656933
2019_1276_1438,0.43229395
2019_1277_1438,0.5096699
2019_1278_1438,0.20261641
2019_1279_1438,0.25419098
2019_1280_1438,0.2878457
2019_1285_1438,0.12773776
2019_1293_1438,0.28346813
2019_1295_1438,0.028479425
2019_1297_1438,0.14446184
2019_1300_1438,0.023401788
2019_1305_1438,0.3924713
2019_1308_1438,0.21539375
2019_1314_1438,0.54378694
2019_1318_1438,0.13760762
2019_1326_1438,0.16808428
2019_1328_1438,0.22690858
2019_1330_1438,0.097434185
2019_1332_1438,0.26244453
2019_1341_1438,0.026123876
2019_1345_1438,0.41813448
2019_1371_1438,0.1866767
2019_1385_1438,0.17640756
2019_1387_1438,0.089003615
2019_1388_1438,0.28937015
2019_1393_1438,0.15087171
2019_1396_1438,0.14518826
2019_1397_1438,0.45514983
2019_1403_1438,0.35558394
2019_1414_1438,0.16776796
2019_1416_1438,0.30447426
2019_1429_1438,0.23400882
2019_1433_1438,0.174658
2019_1436_1438,0.17285869
2019_1437_1438,0.3237985
2019_1101_1439,0.12140115
2019_1113_1439,0.25856888
2019_1120_1439,0.48724315
2019_1124_1439,0.34513146
2019_1125_1439,0.3169799
2019_1133_1439,0.07451637
2019_1138_1439,0.44343007
2019_1153_1439,0.39889216
2019_1159_1439,0.14130501
2019_1181_1439,0.7219038
2019_1192_1439,0.058821008
2019_1196_1439,0.34703937
2019_1199_1439,0.4650355
2019_1205_1439,0.06355494
2019_1209_1439,0.13184033
2019_1211_1439,0.76078755
2019_1222_1439,0.38828063
2019_1233_1439,0.05984986
2019_1234_1439,0.3411066
2019_1235_1439,0.39862776
2019_1242_1439,0.40986827
2019_1243_1439,0.30871302
2019_1246_1439,0.7163262
2019_1251_1439,0.21074782
2019_1257_1439,0.37652215
2019_1261_1439,0.5343549
2019_1266_1439,0.36524817
2019_1268_1439,0.39127907
2019_1276_1439,0.5412921
2019_1277_1439,0.6359579
2019_1278_1439,0.3981885
2019_1279_1439,0.34798065
2019_1280_1439,0.43030754
2019_1285_1439,0.146483
2019_1293_1439,0.3341179
2019_1295_1439,0.045213804
2019_1297_1439,0.20069496
2019_1300_1439,0.02861425
2019_1305_1439,0.50134647
2019_1308_1439,0.29867774
2019_1314_1439,0.6793781
2019_1318_1439,0.1766159
2019_1326_1439,0.2952451
2019_1328_1439,0.28234607
2019_1330_1439,0.14265992
2019_1332_1439,0.32137227
2019_1341_1439,0.07243887
2019_1345_1439,0.51956207
2019_1371_1439,0.29183033
2019_1385_1439,0.22471312
2019_1387_1439,0.14825474
2019_1388_1439,0.35498026
2019_1393_1439,0.28304055
2019_1396_1439,0.24625959
2019_1397_1439,0.74774873
2019_1403_1439,0.52022827
2019_1414_1439,0.22919454
2019_1416_1439,0.35458434
2019_1429_1439,0.37592673
2019_1433_1439,0.33151022
2019_1436_1439,0.2484789
2019_1437_1439,0.40538016
2019_1438_1439,0.6207926
2019_1101_1449,0.23032333
2019_1113_1449,0.4186222
2019_1120_1449,0.7348234
2019_1124_1449,0.5346545
2019_1125_1449,0.5263102
2019_1133_1449,0.17433375
2019_1138_1449,0.6392377
2019_1153_1449,0.64770097
2019_1159_1449,0.2402613
2019_1181_1449,0.8313353
2019_1192_1449,0.1270065
2019_1196_1449,0.5414669
2019_1199_1449,0.7046365
2019_1205_1449,0.12683257
2019_1209_1449,0.2474758
2019_1211_1449,0.8816698
2019_1222_1449,0.67291355
2019_1233_1449,0.13541737
2019_1234_1449,0.57136214
2019_1235_1449,0.6198035
2019_1242_1449,0.6232404
2019_1243_1449,0.6370194
2019_1246_1449,0.7988377
2019_1251_1449,0.3494458
2019_1257_1449,0.6543583
2019_1261_1449,0.72560227
2019_1266_1449,0.6126076
2019_1268_1449,0.5651536
2019_1276_1449,0.7574797
2019_1277_1449,0.80883133
2019_1278_1449,0.47502086
2019_1279_1449,0.52031845
2019_1280_1449,0.6187956
2019_1285_1449,0.30809796
2019_1293_1449,0.48017251
2019_1295_1449,0.10371611
2019_1297_1449,0.3347156
2019_1300_1449,0.06170654
2019_1305_1449,0.6820397
2019_1308_1449,0.47555932
2019_1314_1449,0.8237715
2019_1318_1449,0.30424765
2019_1326_1449,0.497621
2019_1328_1449,0.5382381
2019_1330_1449,0.2904424
2019_1332_1449,0.4481795
2019_1341_1449,0.14656292
2019_1345_1449,0.77352303
2019_1371_1449,0.44177148
2019_1385_1449,0.38643155
2019_1387_1449,0.28266695
2019_1388_1449,0.56650734
2019_1393_1449,0.5054543
2019_1396_1449,0.41566095
2019_1397_1449,0.79485387
2019_1403_1449,0.7376623
2019_1414_1449,0.41229287
2019_1416_1449,0.55792737
2019_1429_1449,0.50515014
2019_1433_1449,0.5386483
2019_1436_1449,0.4159489
2019_1437_1449,0.665862
2019_1438_1449,0.77431625
2019_1439_1449,0.74807096
2019_1101_1458,0.122538924
2019_1113_1458,0.37304696
2019_1120_1458,0.445176
2019_1124_1458,0.3738778
2019_1125_1458,0.35947514
2019_1133_1458,0.12575491
2019_1138_1458,0.44547504
2019_1153_1458,0.4539697
2019_1159_1458,0.18261613
2019_1181_1458,0.7580147
2019_1192_1458,0.08235841
2019_1196_1458,0.3669025
2019_1199_1458,0.5164728
2019_1205_1458,0.08392954
2019_1209_1458,0.17657553
2019_1211_1458,0.83897656
2019_1222_1458,0.42612258
2019_1233_1458,0.097605094
2019_1234_1458,0.4040268
2019_1235_1458,0.42609456
2019_1242_1458,0.44559658
2019_1243_1458,0.3776362
2019_1246_1458,0.7010973
2019_1251_1458,0.27002704
2019_1257_1458,0.4535582
2019_1261_1458,0.509921
2019_1266_1458,0.38930458
2019_1268_1458,0.36031833
2019_1276_1458,0.6403754
2019_1277_1458,0.6805067
2019_1278_1458,0.33302215
2019_1279_1458,0.3678159
2019_1280_1458,0.42230776
2019_1285_1458,0.16203381
2019_1293_1458,0.33814102
2019_1295_1458,0.06272766
2019_1297_1458,0.25202796
2019_1300_1458,0.040627684
2019_1305_1458,0.4946633
2019_1308_1458,0.3577426
2019_1314_1458,0.7016742
2019_1318_1458,0.23905265
2019_1326_1458,0.35881996
2019_1328_1458,0.36138535
2019_1330_1458,0.23591647
2019_1332_1458,0.3671649
2019_1341_1458,0.07607548
2019_1345_1458,0.57729125
2019_1371_1458,0.30822024
2019_1385_1458,0.2452957
2019_1387_1458,0.2135883
2019_1388_1458,0.3654878
2019_1393_1458,0.33780497
2019_1396_1458,0.2820488
2019_1397_1458,0.6942653
2019_1403_1458,0.5735107
2019_1414_1458,0.26975763
2019_1416_1458,0.42208165
2019_1429_1458,0.40647095
2019_1433_1458,0.36501816
2019_1436_1458,0.32132432
2019_1437_1458,0.46717003
2019_1438_1458,0.68895245
2019_1439_1458,0.52970004
2019_1449_1458,0.3290188
2019_1101_1459,0.13328566
2019_1113_1459,0.34598848
2019_1120_1459,0.547446
2019_1124_1459,0.3677202
2019_1125_1459,0.3756033
2019_1133_1459,0.089815296
2019_1138_1459,0.43957186
2019_1153_1459,0.4847587
2019_1159_1459,0.18980825
2019_1181_1459,0.7720606
2019_1192_1459,0.07715794
2019_1196_1459,0.30978563
2019_1199_1459,0.60109055
2019_1205_1459,0.08932116
2019_1209_1459,0.1681699
2019_1211_1459,0.7572514
2019_1222_1459,0.513299
2019_1233_1459,0.09940614
2019_1234_1459,0.39705396
2019_1235_1459,0.42750528
2019_1242_1459,0.45757306
2019_1243_1459,0.33199382
2019_1246_1459,0.723041
2019_1251_1459,0.26478025
2019_1257_1459,0.47709495
2019_1261_1459,0.6034298
2019_1266_1459,0.39135513
2019_1268_1459,0.41282025
2019_1276_1459,0.605353
2019_1277_1459,0.6329897
2019_1278_1459,0.31345516
2019_1279_1459,0.3597994
2019_1280_1459,0.38695225
2019_1285_1459,0.18045917
2019_1293_1459,0.36471897
2019_1295_1459,0.04972768
2019_1297_1459,0.24829344
2019_1300_1459,0.027370762
2019_1305_1459,0.51052463
2019_1308_1459,0.3856903
2019_1314_1459,0.72135943
2019_1318_1459,0.24475284
2019_1326_1459,0.3231577
2019_1328_1459,0.29705146
2019_1330_1459,0.16765706
2019_1332_1459,0.28371856
2019_1341_1459,0.06853359
2019_1345_1459,0.60681444
2019_1371_1459,0.29269046
2019_1385_1459,0.3144873
2019_1387_1459,0.20347898
2019_1388_1459,0.3431656
2019_1393_1459,0.26531377
2019_1396_1459,0.28842792
2019_1397_1459,0.6935488
2019_1403_1459,0.5910199
2019_1414_1459,0.2320808
2019_1416_1459,0.3541086
2019_1429_1459,0.39701876
2019_1433_1459,0.2838188
2019_1436_1459,0.30200437
2019_1437_1459,0.41798452
2019_1438_1459,0.6507079
2019_1439_1459,0.5492851
2019_1449_1459,0.3251296
2019_1458_1459,0.39966482
2019_1101_1463,0.31254163
2019_1113_1463,0.66949964
2019_1120_1463,0.812006
2019_1124_1463,0.7036328
2019_1125_1463,0.6634223
2019_1133_1463,0.28633502
2019_1138_1463,0.7523236
2019_1153_1463,0.7292351
2019_1159_1463,0.40326822
2019_1181_1463,0.8810045
2019_1192_1463,0.22565347
2019_1196_1463,0.6818577
2019_1199_1463,0.8025883
2019_1205_1463,0.2212971
2019_1209_1463,0.38764098
2019_1211_1463,0.91806823
2019_1222_1463,0.74512684
2019_1233_1463,0.25051624
2019_1234_1463,0.7187351
2019_1235_1463,0.7236293
2019_1242_1463,0.7507357
2019_1243_1463,0.725839
2019_1246_1463,0.87377435
2019_1251_1463,0.5495276
2019_1257_1463,0.7237788
2019_1261_1463,0.8066759
2019_1266_1463,0.68688804
2019_1268_1463,0.72305876
2019_1276_1463,0.79408145
2019_1277_1463,0.8559486
2019_1278_1463,0.66877794
2019_1279_1463,0.6993326
2019_1280_1463,0.74376065
2019_1285_1463,0.39067057
2019_1293_1463,0.6912346
2019_1295_1463,0.19060752
2019_1297_1463,0.49569649
2019_1300_1463,0.13593918
2019_1305_1463,0.7726373
2019_1308_1463,0.6673196
2019_1314_1463,0.8524654
2019_1318_1463,0.45403764
2019_1326_1463,0.6761444
2019_1328_1463,0.70469904
2019_1330_1463,0.43594238
2019_1332_1463,0.6372002
2019_1341_1463,0.22254537
2019_1345_1463,0.82006747
2019_1371_1463,0.6525031
2019_1385_1463,0.6191336
2019_1387_1463,0.4062636
2019_1388_1463,0.70019436
2019_1393_1463,0.6258174
2019_1396_1463,0.6270759
2019_1397_1463,0.86844933
2019_1403_1463,0.7774514
2019_1414_1463,0.59117526
2019_1416_1463,0.72330946
2019_1429_1463,0.73144096
2019_1433_1463,0.70849943
2019_1436_1463,0.54016435
2019_1437_1463,0.77322197
2019_1438_1463,0.8654776
2019_1439_1463,0.77445394
2019_1449_1463,0.682512
2019_1458_1463,0.7498079
2019_1459_1463,0.7855581
